{"cameraMode":{"drawMode":0,"name":"Shaded","section":"Shading Mode"},"sceneLighting":false,"audioPlay":false,"sceneViewState":{"showFog":true,"showMaterialUpdate":false,"showSkybox":true,"showFlares":true,"showImageEffects":true,"showParticleSystems":true},"in2DMode":false,"pivot":{"x":0.7231777906417847,"y":2.8665859699249269,"z":0.00568389892578125},"rotation":{"x":0.1449124813079834,"y":-0.1571992188692093,"z":0.02332601509988308,"w":0.9765985608100891},"size":7.775763988494873,"orthographic":false}