{"cameraMode":{"drawMode":0,"name":"Shaded","section":"Shading Mode"},"sceneLighting":false,"audioPlay":false,"sceneViewState":{"showFog":true,"showMaterialUpdate":false,"showSkybox":true,"showFlares":true,"showImageEffects":true,"showParticleSystems":true},"in2DMode":false,"pivot":{"x":454.67034912109377,"y":182.80690002441407,"z":0.6533849239349365},"rotation":{"x":-0.20664912462234498,"y":0.700567364692688,"z":-0.24718068540096284,"w":-0.6367129683494568},"size":1685.2086181640625,"orthographic":false}